{
    "name": "root",
    "metadata": {
        "timer_format_version": "0.1.0",
        "start_time_seconds": "1746994993",
        "python_version": "3.9.21 (main, Dec 11 2024, 16:35:24) [MSC v.1929 64 bit (AMD64)]",
        "command_line_arguments": "C:\\Users\\bunya\\anaconda3\\envs\\VR\\Scripts\\mlagents-learn config/CubeAgent.yaml --run-id=CubeAgent --force",
        "mlagents_version": "0.30.0",
        "mlagents_envs_version": "0.30.0",
        "communication_protocol_version": "1.5.0",
        "pytorch_version": "2.8.0.dev20250331+cu128",
        "numpy_version": "1.21.2",
        "end_time_seconds": "1746995067"
    },
    "total": 73.5085837,
    "count": 1,
    "self": 0.002431800000010753,
    "children": {
        "run_training.setup": {
            "total": 0.062439300000000086,
            "count": 1,
            "self": 0.062439300000000086
        },
        "TrainerController.start_learning": {
            "total": 73.4437126,
            "count": 1,
            "self": 0.003983300000001577,
            "children": {
                "TrainerController._reset_env": {
                    "total": 6.406404,
                    "count": 1,
                    "self": 6.406404
                },
                "TrainerController.advance": {
                    "total": 66.96680570000001,
                    "count": 480,
                    "self": 0.003807599999944955,
                    "children": {
                        "env_step": {
                            "total": 66.37080970000002,
                            "count": 480,
                            "self": 65.49817450000003,
                            "children": {
                                "SubprocessEnvManager._take_step": {
                                    "total": 0.8701466999999905,
                                    "count": 480,
                                    "self": 0.014416299999972182,
                                    "children": {
                                        "TorchPolicy.evaluate": {
                                            "total": 0.8557304000000183,
                                            "count": 447,
                                            "self": 0.8557304000000183
                                        }
                                    }
                                },
                                "workers": {
                                    "total": 0.002488500000001892,
                                    "count": 479,
                                    "self": 0.0,
                                    "children": {
                                        "worker_root": {
                                            "total": 6.427629699999999,
                                            "count": 479,
                                            "is_parallel": true,
                                            "self": 2.814040599999988,
                                            "children": {
                                                "steps_from_proto": {
                                                    "total": 0.000286400000000242,
                                                    "count": 1,
                                                    "is_parallel": true,
                                                    "self": 0.00012080000000036506,
                                                    "children": {
                                                        "_process_rank_one_or_two_observation": {
                                                            "total": 0.00016559999999987696,
                                                            "count": 2,
                                                            "is_parallel": true,
                                                            "self": 0.00016559999999987696
                                                        }
                                                    }
                                                },
                                                "UnityEnvironment.step": {
                                                    "total": 3.613302700000011,
                                                    "count": 479,
                                                    "is_parallel": true,
                                                    "self": 0.027885899999964714,
                                                    "children": {
                                                        "UnityEnvironment._generate_step_input": {
                                                            "total": 0.06139250000002772,
                                                            "count": 479,
                                                            "is_parallel": true,
                                                            "self": 0.06139250000002772
                                                        },
                                                        "communicator.exchange": {
                                                            "total": 3.4519875999999963,
                                                            "count": 479,
                                                            "is_parallel": true,
                                                            "self": 3.4519875999999963
                                                        },
                                                        "steps_from_proto": {
                                                            "total": 0.07203670000002216,
                                                            "count": 479,
                                                            "is_parallel": true,
                                                            "self": 0.03587429999999614,
                                                            "children": {
                                                                "_process_rank_one_or_two_observation": {
                                                                    "total": 0.03616240000002602,
                                                                    "count": 958,
                                                                    "is_parallel": true,
                                                                    "self": 0.03616240000002602
                                                                }
                                                            }
                                                        }
                                                    }
                                                }
                                            }
                                        }
                                    }
                                }
                            }
                        },
                        "trainer_advance": {
                            "total": 0.5921884000000386,
                            "count": 479,
                            "self": 0.003925400000065693,
                            "children": {
                                "process_trajectory": {
                                    "total": 0.5882629999999729,
                                    "count": 479,
                                    "self": 0.5882629999999729
                                }
                            }
                        }
                    }
                },
                "TrainerController._save_models": {
                    "total": 0.06651959999999235,
                    "count": 1,
                    "self": 0.007935599999996157,
                    "children": {
                        "RLTrainer._checkpoint": {
                            "total": 0.058583999999996195,
                            "count": 1,